<?xml version="1.0" encoding="UTF-8"?>
<mutations>
<mutation detected='true' status='KILLED' numberOfTestsRun='1'><sourceFile>AccountCreationValidator.java</sourceFile><mutatedClass>banking.AccountCreationValidator</mutatedClass><mutatedMethod>isValidAccountNumber</mutatedMethod><methodDescription>(Ljava/lang/String;)Z</methodDescription><lineNumber>24</lineNumber><mutator>org.pitest.mutationtest.engine.gregor.mutators.BooleanFalseReturnValsMutator</mutator><index>6</index><block>1</block><killingTest>banking.AccountCreationValidatorTest.[engine:junit-jupiter]/[class:banking.AccountCreationValidatorTest]/[method:testValidCommand()]</killingTest><description>replaced boolean return with false for banking/AccountCreationValidator::isValidAccountNumber</description></mutation>
<mutation detected='true' status='KILLED' numberOfTestsRun='3'><sourceFile>AccountCreationValidator.java</sourceFile><mutatedClass>banking.AccountCreationValidator</mutatedClass><mutatedMethod>isValidAccountNumber</mutatedMethod><methodDescription>(Ljava/lang/String;)Z</methodDescription><lineNumber>24</lineNumber><mutator>org.pitest.mutationtest.engine.gregor.mutators.BooleanTrueReturnValsMutator</mutator><index>6</index><block>1</block><killingTest>banking.AccountCreationValidatorTest.[engine:junit-jupiter]/[class:banking.AccountCreationValidatorTest]/[method:testInvalidAccountNumber()]</killingTest><description>replaced boolean return with true for banking/AccountCreationValidator::isValidAccountNumber</description></mutation>
<mutation detected='true' status='KILLED' numberOfTestsRun='2'><sourceFile>AccountCreationValidator.java</sourceFile><mutatedClass>banking.AccountCreationValidator</mutatedClass><mutatedMethod>isValidInterestRate</mutatedMethod><methodDescription>(Ljava/lang/String;)Z</methodDescription><lineNumber>30</lineNumber><mutator>org.pitest.mutationtest.engine.gregor.mutators.BooleanTrueReturnValsMutator</mutator><index>19</index><block>4</block><killingTest>banking.AccountCreationValidatorTest.[engine:junit-jupiter]/[class:banking.AccountCreationValidatorTest]/[method:testInvalidInterestRate()]</killingTest><description>replaced boolean return with true for banking/AccountCreationValidator::isValidInterestRate</description></mutation>
<mutation detected='false' status='NO_COVERAGE' numberOfTestsRun='0'><sourceFile>AccountCreationValidator.java</sourceFile><mutatedClass>banking.AccountCreationValidator</mutatedClass><mutatedMethod>isValidInterestRate</mutatedMethod><methodDescription>(Ljava/lang/String;)Z</methodDescription><lineNumber>32</lineNumber><mutator>org.pitest.mutationtest.engine.gregor.mutators.BooleanTrueReturnValsMutator</mutator><index>27</index><block>5</block><killingTest/><description>replaced boolean return with true for banking/AccountCreationValidator::isValidInterestRate</description></mutation>
<mutation detected='false' status='SURVIVED' numberOfTestsRun='4'><sourceFile>AccountCreationValidator.java</sourceFile><mutatedClass>banking.AccountCreationValidator</mutatedClass><mutatedMethod>isValidInterestRate</mutatedMethod><methodDescription>(Ljava/lang/String;)Z</methodDescription><lineNumber>30</lineNumber><mutator>org.pitest.mutationtest.engine.gregor.mutators.ConditionalsBoundaryMutator</mutator><index>11</index><block>1</block><killingTest/><description>changed conditional boundary</description></mutation>
<mutation detected='true' status='KILLED' numberOfTestsRun='1'><sourceFile>AccountCreationValidator.java</sourceFile><mutatedClass>banking.AccountCreationValidator</mutatedClass><mutatedMethod>isValidInterestRate</mutatedMethod><methodDescription>(Ljava/lang/String;)Z</methodDescription><lineNumber>30</lineNumber><mutator>org.pitest.mutationtest.engine.gregor.mutators.NegateConditionalsMutator</mutator><index>11</index><block>1</block><killingTest>banking.AccountCreationValidatorTest.[engine:junit-jupiter]/[class:banking.AccountCreationValidatorTest]/[method:testValidCommand()]</killingTest><description>negated conditional</description></mutation>
<mutation detected='true' status='KILLED' numberOfTestsRun='1'><sourceFile>AccountCreationValidator.java</sourceFile><mutatedClass>banking.AccountCreationValidator</mutatedClass><mutatedMethod>validate</mutatedMethod><methodDescription>(Ljava/lang/String;)Z</methodDescription><lineNumber>20</lineNumber><mutator>org.pitest.mutationtest.engine.gregor.mutators.BooleanFalseReturnValsMutator</mutator><index>83</index><block>19</block><killingTest>banking.AccountCreationValidatorTest.[engine:junit-jupiter]/[class:banking.AccountCreationValidatorTest]/[method:testValidCommand()]</killingTest><description>replaced boolean return with false for banking/AccountCreationValidator::validate</description></mutation>
<mutation detected='false' status='NO_COVERAGE' numberOfTestsRun='0'><sourceFile>AccountCreationValidator.java</sourceFile><mutatedClass>banking.AccountCreationValidator</mutatedClass><mutatedMethod>validate</mutatedMethod><methodDescription>(Ljava/lang/String;)Z</methodDescription><lineNumber>7</lineNumber><mutator>org.pitest.mutationtest.engine.gregor.mutators.BooleanTrueReturnValsMutator</mutator><index>16</index><block>2</block><killingTest/><description>replaced boolean return with true for banking/AccountCreationValidator::validate</description></mutation>
<mutation detected='true' status='KILLED' numberOfTestsRun='1'><sourceFile>AccountCreationValidator.java</sourceFile><mutatedClass>banking.AccountCreationValidator</mutatedClass><mutatedMethod>validate</mutatedMethod><methodDescription>(Ljava/lang/String;)Z</methodDescription><lineNumber>12</lineNumber><mutator>org.pitest.mutationtest.engine.gregor.mutators.BooleanTrueReturnValsMutator</mutator><index>52</index><block>12</block><killingTest>banking.AccountCreationValidatorTest.[engine:junit-jupiter]/[class:banking.AccountCreationValidatorTest]/[method:testInvalidCommandWrongFormat()]</killingTest><description>replaced boolean return with true for banking/AccountCreationValidator::validate</description></mutation>
<mutation detected='true' status='KILLED' numberOfTestsRun='1'><sourceFile>AccountCreationValidator.java</sourceFile><mutatedClass>banking.AccountCreationValidator</mutatedClass><mutatedMethod>validate</mutatedMethod><methodDescription>(Ljava/lang/String;)Z</methodDescription><lineNumber>15</lineNumber><mutator>org.pitest.mutationtest.engine.gregor.mutators.BooleanTrueReturnValsMutator</mutator><index>65</index><block>15</block><killingTest>banking.AccountCreationValidatorTest.[engine:junit-jupiter]/[class:banking.AccountCreationValidatorTest]/[method:testInvalidAccountNumber()]</killingTest><description>replaced boolean return with true for banking/AccountCreationValidator::validate</description></mutation>
<mutation detected='true' status='KILLED' numberOfTestsRun='1'><sourceFile>AccountCreationValidator.java</sourceFile><mutatedClass>banking.AccountCreationValidator</mutatedClass><mutatedMethod>validate</mutatedMethod><methodDescription>(Ljava/lang/String;)Z</methodDescription><lineNumber>18</lineNumber><mutator>org.pitest.mutationtest.engine.gregor.mutators.BooleanTrueReturnValsMutator</mutator><index>78</index><block>18</block><killingTest>banking.AccountCreationValidatorTest.[engine:junit-jupiter]/[class:banking.AccountCreationValidatorTest]/[method:testInvalidInterestRate()]</killingTest><description>replaced boolean return with true for banking/AccountCreationValidator::validate</description></mutation>
<mutation detected='true' status='KILLED' numberOfTestsRun='1'><sourceFile>AccountCreationValidator.java</sourceFile><mutatedClass>banking.AccountCreationValidator</mutatedClass><mutatedMethod>validate</mutatedMethod><methodDescription>(Ljava/lang/String;)Z</methodDescription><lineNumber>6</lineNumber><mutator>org.pitest.mutationtest.engine.gregor.mutators.NegateConditionalsMutator</mutator><index>12</index><block>1</block><killingTest>banking.AccountCreationValidatorTest.[engine:junit-jupiter]/[class:banking.AccountCreationValidatorTest]/[method:testValidCommand()]</killingTest><description>negated conditional</description></mutation>
<mutation detected='true' status='KILLED' numberOfTestsRun='5'><sourceFile>AccountCreationValidator.java</sourceFile><mutatedClass>banking.AccountCreationValidator</mutatedClass><mutatedMethod>validate</mutatedMethod><methodDescription>(Ljava/lang/String;)Z</methodDescription><lineNumber>10</lineNumber><mutator>org.pitest.mutationtest.engine.gregor.mutators.NegateConditionalsMutator</mutator><index>30</index><block>5</block><killingTest>banking.MasterControlTest.[engine:junit-jupiter]/[class:banking.MasterControlTest]/[method:testMixedValidAndInvalidCommands()]</killingTest><description>negated conditional</description></mutation>
<mutation detected='false' status='SURVIVED' numberOfTestsRun='4'><sourceFile>AccountCreationValidator.java</sourceFile><mutatedClass>banking.AccountCreationValidator</mutatedClass><mutatedMethod>validate</mutatedMethod><methodDescription>(Ljava/lang/String;)Z</methodDescription><lineNumber>10</lineNumber><mutator>org.pitest.mutationtest.engine.gregor.mutators.NegateConditionalsMutator</mutator><index>36</index><block>7</block><killingTest/><description>negated conditional</description></mutation>
<mutation detected='false' status='SURVIVED' numberOfTestsRun='4'><sourceFile>AccountCreationValidator.java</sourceFile><mutatedClass>banking.AccountCreationValidator</mutatedClass><mutatedMethod>validate</mutatedMethod><methodDescription>(Ljava/lang/String;)Z</methodDescription><lineNumber>10</lineNumber><mutator>org.pitest.mutationtest.engine.gregor.mutators.NegateConditionalsMutator</mutator><index>40</index><block>9</block><killingTest/><description>negated conditional</description></mutation>
<mutation detected='true' status='KILLED' numberOfTestsRun='1'><sourceFile>AccountCreationValidator.java</sourceFile><mutatedClass>banking.AccountCreationValidator</mutatedClass><mutatedMethod>validate</mutatedMethod><methodDescription>(Ljava/lang/String;)Z</methodDescription><lineNumber>11</lineNumber><mutator>org.pitest.mutationtest.engine.gregor.mutators.NegateConditionalsMutator</mutator><index>48</index><block>11</block><killingTest>banking.AccountCreationValidatorTest.[engine:junit-jupiter]/[class:banking.AccountCreationValidatorTest]/[method:testValidCommand()]</killingTest><description>negated conditional</description></mutation>
<mutation detected='true' status='KILLED' numberOfTestsRun='1'><sourceFile>AccountCreationValidator.java</sourceFile><mutatedClass>banking.AccountCreationValidator</mutatedClass><mutatedMethod>validate</mutatedMethod><methodDescription>(Ljava/lang/String;)Z</methodDescription><lineNumber>14</lineNumber><mutator>org.pitest.mutationtest.engine.gregor.mutators.NegateConditionalsMutator</mutator><index>61</index><block>14</block><killingTest>banking.AccountCreationValidatorTest.[engine:junit-jupiter]/[class:banking.AccountCreationValidatorTest]/[method:testValidCommand()]</killingTest><description>negated conditional</description></mutation>
<mutation detected='true' status='KILLED' numberOfTestsRun='1'><sourceFile>AccountCreationValidator.java</sourceFile><mutatedClass>banking.AccountCreationValidator</mutatedClass><mutatedMethod>validate</mutatedMethod><methodDescription>(Ljava/lang/String;)Z</methodDescription><lineNumber>17</lineNumber><mutator>org.pitest.mutationtest.engine.gregor.mutators.NegateConditionalsMutator</mutator><index>74</index><block>17</block><killingTest>banking.AccountCreationValidatorTest.[engine:junit-jupiter]/[class:banking.AccountCreationValidatorTest]/[method:testValidCommand()]</killingTest><description>negated conditional</description></mutation>
<mutation detected='true' status='KILLED' numberOfTestsRun='2'><sourceFile>DepositValidator.java</sourceFile><mutatedClass>banking.DepositValidator</mutatedClass><mutatedMethod>isValidAccountNumber</mutatedMethod><methodDescription>(Ljava/lang/String;)Z</methodDescription><lineNumber>19</lineNumber><mutator>org.pitest.mutationtest.engine.gregor.mutators.BooleanFalseReturnValsMutator</mutator><index>6</index><block>1</block><killingTest>banking.DepositValidatorTest.[engine:junit-jupiter]/[class:banking.DepositValidatorTest]/[method:testValidCommand()]</killingTest><description>replaced boolean return with false for banking/DepositValidator::isValidAccountNumber</description></mutation>
<mutation detected='true' status='KILLED' numberOfTestsRun='3'><sourceFile>DepositValidator.java</sourceFile><mutatedClass>banking.DepositValidator</mutatedClass><mutatedMethod>isValidAccountNumber</mutatedMethod><methodDescription>(Ljava/lang/String;)Z</methodDescription><lineNumber>19</lineNumber><mutator>org.pitest.mutationtest.engine.gregor.mutators.BooleanTrueReturnValsMutator</mutator><index>6</index><block>1</block><killingTest>banking.DepositValidatorTest.[engine:junit-jupiter]/[class:banking.DepositValidatorTest]/[method:testInvalidAccountNumber()]</killingTest><description>replaced boolean return with true for banking/DepositValidator::isValidAccountNumber</description></mutation>
<mutation detected='true' status='KILLED' numberOfTestsRun='1'><sourceFile>DepositValidator.java</sourceFile><mutatedClass>banking.DepositValidator</mutatedClass><mutatedMethod>isValidAmount</mutatedMethod><methodDescription>(Ljava/lang/String;)Z</methodDescription><lineNumber>25</lineNumber><mutator>org.pitest.mutationtest.engine.gregor.mutators.BooleanTrueReturnValsMutator</mutator><index>19</index><block>4</block><killingTest>banking.DepositValidatorTest.[engine:junit-jupiter]/[class:banking.DepositValidatorTest]/[method:testInvalidAmount()]</killingTest><description>replaced boolean return with true for banking/DepositValidator::isValidAmount</description></mutation>
<mutation detected='false' status='NO_COVERAGE' numberOfTestsRun='0'><sourceFile>DepositValidator.java</sourceFile><mutatedClass>banking.DepositValidator</mutatedClass><mutatedMethod>isValidAmount</mutatedMethod><methodDescription>(Ljava/lang/String;)Z</methodDescription><lineNumber>27</lineNumber><mutator>org.pitest.mutationtest.engine.gregor.mutators.BooleanTrueReturnValsMutator</mutator><index>27</index><block>5</block><killingTest/><description>replaced boolean return with true for banking/DepositValidator::isValidAmount</description></mutation>
<mutation detected='false' status='SURVIVED' numberOfTestsRun='3'><sourceFile>DepositValidator.java</sourceFile><mutatedClass>banking.DepositValidator</mutatedClass><mutatedMethod>isValidAmount</mutatedMethod><methodDescription>(Ljava/lang/String;)Z</methodDescription><lineNumber>25</lineNumber><mutator>org.pitest.mutationtest.engine.gregor.mutators.ConditionalsBoundaryMutator</mutator><index>11</index><block>1</block><killingTest/><description>changed conditional boundary</description></mutation>
<mutation detected='true' status='KILLED' numberOfTestsRun='1'><sourceFile>DepositValidator.java</sourceFile><mutatedClass>banking.DepositValidator</mutatedClass><mutatedMethod>isValidAmount</mutatedMethod><methodDescription>(Ljava/lang/String;)Z</methodDescription><lineNumber>25</lineNumber><mutator>org.pitest.mutationtest.engine.gregor.mutators.NegateConditionalsMutator</mutator><index>11</index><block>1</block><killingTest>banking.DepositValidatorTest.[engine:junit-jupiter]/[class:banking.DepositValidatorTest]/[method:testInvalidAmount()]</killingTest><description>negated conditional</description></mutation>
<mutation detected='true' status='KILLED' numberOfTestsRun='1'><sourceFile>DepositValidator.java</sourceFile><mutatedClass>banking.DepositValidator</mutatedClass><mutatedMethod>validate</mutatedMethod><methodDescription>(Ljava/lang/String;)Z</methodDescription><lineNumber>15</lineNumber><mutator>org.pitest.mutationtest.engine.gregor.mutators.BooleanFalseReturnValsMutator</mutator><index>47</index><block>9</block><killingTest>banking.DepositValidatorTest.[engine:junit-jupiter]/[class:banking.DepositValidatorTest]/[method:testValidCommand()]</killingTest><description>replaced boolean return with false for banking/DepositValidator::validate</description></mutation>
<mutation detected='true' status='KILLED' numberOfTestsRun='1'><sourceFile>DepositValidator.java</sourceFile><mutatedClass>banking.DepositValidator</mutatedClass><mutatedMethod>validate</mutatedMethod><methodDescription>(Ljava/lang/String;)Z</methodDescription><lineNumber>7</lineNumber><mutator>org.pitest.mutationtest.engine.gregor.mutators.BooleanTrueReturnValsMutator</mutator><index>16</index><block>2</block><killingTest>banking.DepositValidatorTest.[engine:junit-jupiter]/[class:banking.DepositValidatorTest]/[method:testInvalidCommandWrongFormat()]</killingTest><description>replaced boolean return with true for banking/DepositValidator::validate</description></mutation>
<mutation detected='true' status='KILLED' numberOfTestsRun='1'><sourceFile>DepositValidator.java</sourceFile><mutatedClass>banking.DepositValidator</mutatedClass><mutatedMethod>validate</mutatedMethod><methodDescription>(Ljava/lang/String;)Z</methodDescription><lineNumber>10</lineNumber><mutator>org.pitest.mutationtest.engine.gregor.mutators.BooleanTrueReturnValsMutator</mutator><index>29</index><block>5</block><killingTest>banking.DepositValidatorTest.[engine:junit-jupiter]/[class:banking.DepositValidatorTest]/[method:testInvalidAccountNumber()]</killingTest><description>replaced boolean return with true for banking/DepositValidator::validate</description></mutation>
<mutation detected='true' status='KILLED' numberOfTestsRun='1'><sourceFile>DepositValidator.java</sourceFile><mutatedClass>banking.DepositValidator</mutatedClass><mutatedMethod>validate</mutatedMethod><methodDescription>(Ljava/lang/String;)Z</methodDescription><lineNumber>13</lineNumber><mutator>org.pitest.mutationtest.engine.gregor.mutators.BooleanTrueReturnValsMutator</mutator><index>42</index><block>8</block><killingTest>banking.DepositValidatorTest.[engine:junit-jupiter]/[class:banking.DepositValidatorTest]/[method:testInvalidAmount()]</killingTest><description>replaced boolean return with true for banking/DepositValidator::validate</description></mutation>
<mutation detected='true' status='KILLED' numberOfTestsRun='2'><sourceFile>DepositValidator.java</sourceFile><mutatedClass>banking.DepositValidator</mutatedClass><mutatedMethod>validate</mutatedMethod><methodDescription>(Ljava/lang/String;)Z</methodDescription><lineNumber>6</lineNumber><mutator>org.pitest.mutationtest.engine.gregor.mutators.NegateConditionalsMutator</mutator><index>12</index><block>1</block><killingTest>banking.DepositValidatorTest.[engine:junit-jupiter]/[class:banking.DepositValidatorTest]/[method:testInvalidCommandWrongFormat()]</killingTest><description>negated conditional</description></mutation>
<mutation detected='true' status='KILLED' numberOfTestsRun='2'><sourceFile>DepositValidator.java</sourceFile><mutatedClass>banking.DepositValidator</mutatedClass><mutatedMethod>validate</mutatedMethod><methodDescription>(Ljava/lang/String;)Z</methodDescription><lineNumber>9</lineNumber><mutator>org.pitest.mutationtest.engine.gregor.mutators.NegateConditionalsMutator</mutator><index>25</index><block>4</block><killingTest>banking.DepositValidatorTest.[engine:junit-jupiter]/[class:banking.DepositValidatorTest]/[method:testValidCommand()]</killingTest><description>negated conditional</description></mutation>
<mutation detected='true' status='KILLED' numberOfTestsRun='1'><sourceFile>DepositValidator.java</sourceFile><mutatedClass>banking.DepositValidator</mutatedClass><mutatedMethod>validate</mutatedMethod><methodDescription>(Ljava/lang/String;)Z</methodDescription><lineNumber>12</lineNumber><mutator>org.pitest.mutationtest.engine.gregor.mutators.NegateConditionalsMutator</mutator><index>38</index><block>7</block><killingTest>banking.DepositValidatorTest.[engine:junit-jupiter]/[class:banking.DepositValidatorTest]/[method:testInvalidAmount()]</killingTest><description>negated conditional</description></mutation>
<mutation detected='true' status='KILLED' numberOfTestsRun='1'><sourceFile>CommandValidator.java</sourceFile><mutatedClass>banking.CommandValidator</mutatedClass><mutatedMethod>validate</mutatedMethod><methodDescription>(Ljava/lang/String;)Z</methodDescription><lineNumber>14</lineNumber><mutator>org.pitest.mutationtest.engine.gregor.mutators.BooleanFalseReturnValsMutator</mutator><index>13</index><block>3</block><killingTest>banking.MasterControlTest.[engine:junit-jupiter]/[class:banking.MasterControlTest]/[method:testMixedValidAndInvalidCommands()]</killingTest><description>replaced boolean return with false for banking/CommandValidator::validate</description></mutation>
<mutation detected='false' status='NO_COVERAGE' numberOfTestsRun='0'><sourceFile>CommandValidator.java</sourceFile><mutatedClass>banking.CommandValidator</mutatedClass><mutatedMethod>validate</mutatedMethod><methodDescription>(Ljava/lang/String;)Z</methodDescription><lineNumber>16</lineNumber><mutator>org.pitest.mutationtest.engine.gregor.mutators.BooleanFalseReturnValsMutator</mutator><index>27</index><block>7</block><killingTest/><description>replaced boolean return with false for banking/CommandValidator::validate</description></mutation>
<mutation detected='false' status='SURVIVED' numberOfTestsRun='2'><sourceFile>CommandValidator.java</sourceFile><mutatedClass>banking.CommandValidator</mutatedClass><mutatedMethod>validate</mutatedMethod><methodDescription>(Ljava/lang/String;)Z</methodDescription><lineNumber>14</lineNumber><mutator>org.pitest.mutationtest.engine.gregor.mutators.BooleanTrueReturnValsMutator</mutator><index>13</index><block>3</block><killingTest/><description>replaced boolean return with true for banking/CommandValidator::validate</description></mutation>
<mutation detected='false' status='NO_COVERAGE' numberOfTestsRun='0'><sourceFile>CommandValidator.java</sourceFile><mutatedClass>banking.CommandValidator</mutatedClass><mutatedMethod>validate</mutatedMethod><methodDescription>(Ljava/lang/String;)Z</methodDescription><lineNumber>16</lineNumber><mutator>org.pitest.mutationtest.engine.gregor.mutators.BooleanTrueReturnValsMutator</mutator><index>27</index><block>7</block><killingTest/><description>replaced boolean return with true for banking/CommandValidator::validate</description></mutation>
<mutation detected='false' status='SURVIVED' numberOfTestsRun='4'><sourceFile>CommandValidator.java</sourceFile><mutatedClass>banking.CommandValidator</mutatedClass><mutatedMethod>validate</mutatedMethod><methodDescription>(Ljava/lang/String;)Z</methodDescription><lineNumber>18</lineNumber><mutator>org.pitest.mutationtest.engine.gregor.mutators.BooleanTrueReturnValsMutator</mutator><index>32</index><block>8</block><killingTest/><description>replaced boolean return with true for banking/CommandValidator::validate</description></mutation>
<mutation detected='true' status='KILLED' numberOfTestsRun='3'><sourceFile>CommandValidator.java</sourceFile><mutatedClass>banking.CommandValidator</mutatedClass><mutatedMethod>validate</mutatedMethod><methodDescription>(Ljava/lang/String;)Z</methodDescription><lineNumber>13</lineNumber><mutator>org.pitest.mutationtest.engine.gregor.mutators.NegateConditionalsMutator</mutator><index>6</index><block>1</block><killingTest>banking.MasterControlTest.[engine:junit-jupiter]/[class:banking.MasterControlTest]/[method:testMixedValidAndInvalidCommands()]</killingTest><description>negated conditional</description></mutation>
<mutation detected='false' status='SURVIVED' numberOfTestsRun='4'><sourceFile>CommandValidator.java</sourceFile><mutatedClass>banking.CommandValidator</mutatedClass><mutatedMethod>validate</mutatedMethod><methodDescription>(Ljava/lang/String;)Z</methodDescription><lineNumber>15</lineNumber><mutator>org.pitest.mutationtest.engine.gregor.mutators.NegateConditionalsMutator</mutator><index>20</index><block>5</block><killingTest/><description>negated conditional</description></mutation>
<mutation detected='false' status='SURVIVED' numberOfTestsRun='12'><sourceFile>Bank.java</sourceFile><mutatedClass>banking.Bank</mutatedClass><mutatedMethod>addAccount</mutatedMethod><methodDescription>(Ljava/lang/String;Lbanking/Account;)V</methodDescription><lineNumber>24</lineNumber><mutator>org.pitest.mutationtest.engine.gregor.mutators.VoidMethodCallMutator</mutator><index>13</index><block>1</block><killingTest/><description>removed call to banking/Account::setUID</description></mutation>
<mutation detected='true' status='KILLED' numberOfTestsRun='1'><sourceFile>Bank.java</sourceFile><mutatedClass>banking.Bank</mutatedClass><mutatedMethod>deposit</mutatedMethod><methodDescription>(Ljava/lang/String;D)V</methodDescription><lineNumber>32</lineNumber><mutator>org.pitest.mutationtest.engine.gregor.mutators.VoidMethodCallMutator</mutator><index>9</index><block>1</block><killingTest>banking.BankTest.[engine:junit-jupiter]/[class:banking.BankTest]/[method:correct_account_gets_money_on_deposit()]</killingTest><description>removed call to banking/Account::deposit</description></mutation>
<mutation detected='true' status='KILLED' numberOfTestsRun='1'><sourceFile>Bank.java</sourceFile><mutatedClass>banking.Bank</mutatedClass><mutatedMethod>getAccount</mutatedMethod><methodDescription>(Ljava/lang/String;)Lbanking/Account;</methodDescription><lineNumber>28</lineNumber><mutator>org.pitest.mutationtest.engine.gregor.mutators.NullReturnValsMutator</mutator><index>8</index><block>1</block><killingTest>banking.BankTest.[engine:junit-jupiter]/[class:banking.BankTest]/[method:correct_account_retrieved()]</killingTest><description>replaced return value with null for banking/Bank::getAccount</description></mutation>
<mutation detected='true' status='KILLED' numberOfTestsRun='6'><sourceFile>Bank.java</sourceFile><mutatedClass>banking.Bank</mutatedClass><mutatedMethod>getNextUID</mutatedMethod><methodDescription>()Ljava/lang/String;</methodDescription><lineNumber>19</lineNumber><mutator>org.pitest.mutationtest.engine.gregor.mutators.EmptyObjectReturnValsMutator</mutator><index>9</index><block>2</block><killingTest>banking.BankTest.[engine:junit-jupiter]/[class:banking.BankTest]/[method:when_2_accounts_added_bank_has_2_accounts()]</killingTest><description>replaced return value with &#34;&#34; for banking/Bank::getNextUID</description></mutation>
<mutation detected='false' status='SURVIVED' numberOfTestsRun='8'><sourceFile>Bank.java</sourceFile><mutatedClass>banking.Bank</mutatedClass><mutatedMethod>getNextUID</mutatedMethod><methodDescription>()Ljava/lang/String;</methodDescription><lineNumber>19</lineNumber><mutator>org.pitest.mutationtest.engine.gregor.mutators.MathMutator</mutator><index>7</index><block>1</block><killingTest/><description>Replaced integer addition with subtraction</description></mutation>
<mutation detected='true' status='KILLED' numberOfTestsRun='1'><sourceFile>Bank.java</sourceFile><mutatedClass>banking.Bank</mutatedClass><mutatedMethod>getTotalAccountsCount</mutatedMethod><methodDescription>()I</methodDescription><lineNumber>15</lineNumber><mutator>org.pitest.mutationtest.engine.gregor.mutators.PrimitiveReturnsMutator</mutator><index>6</index><block>1</block><killingTest>banking.BankTest.[engine:junit-jupiter]/[class:banking.BankTest]/[method:when_an_account_added_bank_has_1_account()]</killingTest><description>replaced int return with 0 for banking/Bank::getTotalAccountsCount</description></mutation>
<mutation detected='true' status='KILLED' numberOfTestsRun='1'><sourceFile>Bank.java</sourceFile><mutatedClass>banking.Bank</mutatedClass><mutatedMethod>withdraw</mutatedMethod><methodDescription>(Ljava/lang/String;D)V</methodDescription><lineNumber>36</lineNumber><mutator>org.pitest.mutationtest.engine.gregor.mutators.VoidMethodCallMutator</mutator><index>9</index><block>1</block><killingTest>banking.BankTest.[engine:junit-jupiter]/[class:banking.BankTest]/[method:correct_account_loses_money_on_withdrawal()]</killingTest><description>removed call to banking/Account::withdraw</description></mutation>
<mutation detected='true' status='KILLED' numberOfTestsRun='2'><sourceFile>Account.java</sourceFile><mutatedClass>banking.Account</mutatedClass><mutatedMethod>deposit</mutatedMethod><methodDescription>(D)V</methodDescription><lineNumber>27</lineNumber><mutator>org.pitest.mutationtest.engine.gregor.mutators.MathMutator</mutator><index>7</index><block>0</block><killingTest>banking.AccountTest.[engine:junit-jupiter]/[class:banking.AccountTest]/[method:balance_increases_by_amount_deposited()]</killingTest><description>Replaced double addition with subtraction</description></mutation>
<mutation detected='true' status='KILLED' numberOfTestsRun='1'><sourceFile>Account.java</sourceFile><mutatedClass>banking.Account</mutatedClass><mutatedMethod>getAPR</mutatedMethod><methodDescription>()D</methodDescription><lineNumber>19</lineNumber><mutator>org.pitest.mutationtest.engine.gregor.mutators.PrimitiveReturnsMutator</mutator><index>5</index><block>0</block><killingTest>banking.AccountTest.[engine:junit-jupiter]/[class:banking.AccountTest]/[method:apr_equal_to_supplied_value()]</killingTest><description>replaced double return with 0.0d for banking/Account::getAPR</description></mutation>
<mutation detected='true' status='KILLED' numberOfTestsRun='2'><sourceFile>Account.java</sourceFile><mutatedClass>banking.Account</mutatedClass><mutatedMethod>getBalance</mutatedMethod><methodDescription>()D</methodDescription><lineNumber>23</lineNumber><mutator>org.pitest.mutationtest.engine.gregor.mutators.PrimitiveReturnsMutator</mutator><index>5</index><block>0</block><killingTest>banking.AccountTest.[engine:junit-jupiter]/[class:banking.AccountTest]/[method:balance_increases_by_amount_deposited()]</killingTest><description>replaced double return with 0.0d for banking/Account::getBalance</description></mutation>
<mutation detected='false' status='SURVIVED' numberOfTestsRun='6'><sourceFile>Account.java</sourceFile><mutatedClass>banking.Account</mutatedClass><mutatedMethod>withdraw</mutatedMethod><methodDescription>(D)V</methodDescription><lineNumber>31</lineNumber><mutator>org.pitest.mutationtest.engine.gregor.mutators.ConditionalsBoundaryMutator</mutator><index>7</index><block>0</block><killingTest/><description>changed conditional boundary</description></mutation>
<mutation detected='true' status='KILLED' numberOfTestsRun='1'><sourceFile>Account.java</sourceFile><mutatedClass>banking.Account</mutatedClass><mutatedMethod>withdraw</mutatedMethod><methodDescription>(D)V</methodDescription><lineNumber>32</lineNumber><mutator>org.pitest.mutationtest.engine.gregor.mutators.MathMutator</mutator><index>14</index><block>1</block><killingTest>banking.AccountTest.[engine:junit-jupiter]/[class:banking.AccountTest]/[method:balance_decreases_by_amount_withdrawn()]</killingTest><description>Replaced double subtraction with addition</description></mutation>
<mutation detected='true' status='KILLED' numberOfTestsRun='1'><sourceFile>Account.java</sourceFile><mutatedClass>banking.Account</mutatedClass><mutatedMethod>withdraw</mutatedMethod><methodDescription>(D)V</methodDescription><lineNumber>31</lineNumber><mutator>org.pitest.mutationtest.engine.gregor.mutators.NegateConditionalsMutator</mutator><index>7</index><block>0</block><killingTest>banking.AccountTest.[engine:junit-jupiter]/[class:banking.AccountTest]/[method:balance_cant_go_below_0_when_withdrawing()]</killingTest><description>negated conditional</description></mutation>
<mutation detected='true' status='KILLED' numberOfTestsRun='1'><sourceFile>MasterControl.java</sourceFile><mutatedClass>banking.MasterControl</mutatedClass><mutatedMethod>start</mutatedMethod><methodDescription>(Ljava/util/List;)Ljava/util/List;</methodDescription><lineNumber>37</lineNumber><mutator>org.pitest.mutationtest.engine.gregor.mutators.EmptyObjectReturnValsMutator</mutator><index>75</index><block>17</block><killingTest>banking.MasterControlTest.[engine:junit-jupiter]/[class:banking.MasterControlTest]/[method:testSingleInvalidCommand()]</killingTest><description>replaced return value with Collections.emptyList for banking/MasterControl::start</description></mutation>
<mutation detected='true' status='KILLED' numberOfTestsRun='3'><sourceFile>MasterControl.java</sourceFile><mutatedClass>banking.MasterControl</mutatedClass><mutatedMethod>start</mutatedMethod><methodDescription>(Ljava/util/List;)Ljava/util/List;</methodDescription><lineNumber>24</lineNumber><mutator>org.pitest.mutationtest.engine.gregor.mutators.NegateConditionalsMutator</mutator><index>27</index><block>7</block><killingTest>banking.MasterControlTest.[engine:junit-jupiter]/[class:banking.MasterControlTest]/[method:testMixedValidAndInvalidCommands()]</killingTest><description>negated conditional</description></mutation>
<mutation detected='false' status='SURVIVED' numberOfTestsRun='4'><sourceFile>MasterControl.java</sourceFile><mutatedClass>banking.MasterControl</mutatedClass><mutatedMethod>start</mutatedMethod><methodDescription>(Ljava/util/List;)Ljava/util/List;</methodDescription><lineNumber>25</lineNumber><mutator>org.pitest.mutationtest.engine.gregor.mutators.VoidMethodCallMutator</mutator><index>33</index><block>8</block><killingTest/><description>removed call to banking/CommandStorage::addCommand</description></mutation>
<mutation detected='true' status='KILLED' numberOfTestsRun='1'><sourceFile>MasterControl.java</sourceFile><mutatedClass>banking.MasterControl</mutatedClass><mutatedMethod>start</mutatedMethod><methodDescription>(Ljava/util/List;)Ljava/util/List;</methodDescription><lineNumber>29</lineNumber><mutator>org.pitest.mutationtest.engine.gregor.mutators.VoidMethodCallMutator</mutator><index>47</index><block>11</block><killingTest>banking.MasterControlTest.[engine:junit-jupiter]/[class:banking.MasterControlTest]/[method:testMixedValidAndInvalidCommands()]</killingTest><description>removed call to banking/CommandProcessor::process</description></mutation>
<mutation detected='false' status='NO_COVERAGE' numberOfTestsRun='0'><sourceFile>MasterControl.java</sourceFile><mutatedClass>banking.MasterControl</mutatedClass><mutatedMethod>start</mutatedMethod><methodDescription>(Ljava/util/List;)Ljava/util/List;</methodDescription><lineNumber>31</lineNumber><mutator>org.pitest.mutationtest.engine.gregor.mutators.VoidMethodCallMutator</mutator><index>60</index><block>13</block><killingTest/><description>removed call to banking/CommandStorage::addCommand</description></mutation>
<mutation detected='true' status='KILLED' numberOfTestsRun='1'><sourceFile>CommandProcessor.java</sourceFile><mutatedClass>banking.CommandProcessor</mutatedClass><mutatedMethod>process</mutatedMethod><methodDescription>(Ljava/lang/String;)V</methodDescription><lineNumber>14</lineNumber><mutator>org.pitest.mutationtest.engine.gregor.mutators.NegateConditionalsMutator</mutator><index>18</index><block>2</block><killingTest>banking.CommandProcessorTest.[engine:junit-jupiter]/[class:banking.CommandProcessorTest]/[method:testCreateCheckingAccount()]</killingTest><description>negated conditional</description></mutation>
<mutation detected='true' status='KILLED' numberOfTestsRun='1'><sourceFile>CommandProcessor.java</sourceFile><mutatedClass>banking.CommandProcessor</mutatedClass><mutatedMethod>process</mutatedMethod><methodDescription>(Ljava/lang/String;)V</methodDescription><lineNumber>36</lineNumber><mutator>org.pitest.mutationtest.engine.gregor.mutators.NegateConditionalsMutator</mutator><index>144</index><block>29</block><killingTest>banking.CommandProcessorTest.[engine:junit-jupiter]/[class:banking.CommandProcessorTest]/[method:testDepositIntoNewAccount()]</killingTest><description>negated conditional</description></mutation>
<mutation detected='true' status='KILLED' numberOfTestsRun='1'><sourceFile>CommandProcessor.java</sourceFile><mutatedClass>banking.CommandProcessor</mutatedClass><mutatedMethod>process</mutatedMethod><methodDescription>(Ljava/lang/String;)V</methodDescription><lineNumber>41</lineNumber><mutator>org.pitest.mutationtest.engine.gregor.mutators.NegateConditionalsMutator</mutator><index>168</index><block>32</block><killingTest>banking.CommandProcessorTest.[engine:junit-jupiter]/[class:banking.CommandProcessorTest]/[method:testDepositIntoNewAccount()]</killingTest><description>negated conditional</description></mutation>
<mutation detected='true' status='KILLED' numberOfTestsRun='1'><sourceFile>CommandProcessor.java</sourceFile><mutatedClass>banking.CommandProcessor</mutatedClass><mutatedMethod>process</mutatedMethod><methodDescription>(Ljava/lang/String;)V</methodDescription><lineNumber>35</lineNumber><mutator>org.pitest.mutationtest.engine.gregor.mutators.VoidMethodCallMutator</mutator><index>135</index><block>26</block><killingTest>banking.CommandProcessorTest.[engine:junit-jupiter]/[class:banking.CommandProcessorTest]/[method:testCreateCheckingAccount()]</killingTest><description>removed call to banking/Bank::addAccount</description></mutation>
<mutation detected='true' status='KILLED' numberOfTestsRun='1'><sourceFile>CommandProcessor.java</sourceFile><mutatedClass>banking.CommandProcessor</mutatedClass><mutatedMethod>process</mutatedMethod><methodDescription>(Ljava/lang/String;)V</methodDescription><lineNumber>42</lineNumber><mutator>org.pitest.mutationtest.engine.gregor.mutators.VoidMethodCallMutator</mutator><index>173</index><block>33</block><killingTest>banking.CommandProcessorTest.[engine:junit-jupiter]/[class:banking.CommandProcessorTest]/[method:testDepositIntoNewAccount()]</killingTest><description>removed call to banking/Account::deposit</description></mutation>
<mutation detected='true' status='KILLED' numberOfTestsRun='1'><sourceFile>CommandStorage.java</sourceFile><mutatedClass>banking.CommandStorage</mutatedClass><mutatedMethod>getCommands</mutatedMethod><methodDescription>()Ljava/util/List;</methodDescription><lineNumber>18</lineNumber><mutator>org.pitest.mutationtest.engine.gregor.mutators.EmptyObjectReturnValsMutator</mutator><index>8</index><block>1</block><killingTest>banking.CommandStorageTest.[engine:junit-jupiter]/[class:banking.CommandStorageTest]/[method:testAddMultipleInvalidCommands()]</killingTest><description>replaced return value with Collections.emptyList for banking/CommandStorage::getCommands</description></mutation>
</mutations>
